{"format_version":"1.8.0","animations":{"animation.geyser_custom.geo_f9a763b.thirdperson_main_hand":{"loop":true,"bones":{"geyser_custom_x":{"rotation":[-0,0,0],"position":[-0,3,1],"scale":[0.55,0.55,0.55]},"geyser_custom_y":{"rotation":[0,-0,0]},"geyser_custom_z":{"rotation":[0,0,0]},"geyser_custom":{"rotation":[90,0,0],"position":[0,13,-3]}}},"animation.geyser_custom.geo_f9a763b.thirdperson_off_hand":{"loop":true,"bones":{"geyser_custom":{"rotation":[90,0,0],"position":[0,13,-3]}}},"animation.geyser_custom.geo_f9a763b.head":{"loop":true,"bones":{"geyser_custom_x":{"rotation":[-0,0,0],"position":[-0,8.125,4.375],"scale":[0.625,0.625,0.625]},"geyser_custom_y":{"rotation":[0,-180,0]},"geyser_custom_z":{"rotation":[0,0,0]},"geyser_custom":{"position":[0,19.9,0]}}},"animation.geyser_custom.geo_f9a763b.firstperson_main_hand":{"loop":true,"bones":{"geyser_custom":{"rotation":[90,60,-40],"position":[4,10,4],"scale":1.5},"geyser_custom_x":{"position":[-1.13,3.2,-1.13],"rotation":[-0,0,0],"scale":[0.68,0.68,0.68]},"geyser_custom_y":{"rotation":[0,90,0]},"geyser_custom_z":{"rotation":[0,0,25]}}},"animation.geyser_custom.geo_f9a763b.firstperson_off_hand":{"loop":true,"bones":{"geyser_custom":{"rotation":[90,60,-40],"position":[4,10,4],"scale":1.5},"geyser_custom_x":{"rotation":[0.1,0.1,0.1]}}}}}
