{
	"format_version": "1.8.0",
	"animations": {
		"animation.geyser_custom.geo_e9bb70c.thirdperson_main_hand": {
			"loop": true,
			"bones": {
				"geyser_custom_x": {
					"rotation": [-45, 0, 0],
					"position": [15.5, 13, 1.5],
					"scale": [2, 2, 2]
				},
				"geyser_custom_y": {
					"rotation": [0, 0, 0]
				},
				"geyser_custom_z": {
					"rotation": [0, 0, 90]
				},
				"geyser_custom": {
					"rotation": [90, 0, 0],
					"position": [0, 13, -3]
				}
			}
		},
		"animation.geyser_custom.geo_e9bb70c.thirdperson_off_hand": {
			"loop": true,
			"bones": {
				"geyser_custom_x": {
					"rotation": [-45, 0, 0],
					"position": [15.5, 13, 1.5],
					"scale": [2, 2, 2]
				},
				"geyser_custom_y": {
					"rotation": [0, 0, 0]
				},
				"geyser_custom_z": {
					"rotation": [0, 0, -90]
				},
				"geyser_custom": {
					"rotation": [90, 0, 0],
					"position": [0, 13, -3]
				}
			}
		},
		"animation.geyser_custom.geo_e9bb70c.head": {
			"loop": true,
			"bones": {
				"geyser_custom_x": {
					"rotation": [0, 0, 0],
					"position": [-9.6875, 3.59375, -6.09375],
					"scale": [1.25, 1.25, 1.25]
				},
				"geyser_custom_y": {
					"rotation": [0, 180, 0]
				},
				"geyser_custom_z": {
					"rotation": [0, 0, 90]
				},
				"geyser_custom": {
					"position": [0, 19.9, 0]
				}
			}
		},
		"animation.geyser_custom.geo_e9bb70c.firstperson_main_hand": {
			"loop": true,
			"bones": {
				"geyser_custom": {
					"rotation": [90, 60, -40],
					"position": [4, 10, 4],
					"scale": 1.5
				},
				"geyser_custom_x": {
					"rotation": [-55, 0, 0],
					"position": [0, 4, 9],
					"scale": 1.7
				},
				"geyser_custom_y": {
					"rotation": [0, 0, 0]
				},
				"geyser_custom_z": {
					"rotation": [-10.58222, -3.3809, 83.30029],
					"position": [3.75, -0.5, -2.75],
					"scale": 0.6
				}
			}
		},
		"animation.geyser_custom.geo_e9bb70c.firstperson_off_hand": {
			"loop": true,
			"bones": {
				"geyser_custom": {
					"rotation": [90, 60, -40],
					"position": [4, 10, 4],
					"scale": 1.5
				},
				"geyser_custom_x": {
					"rotation": [-55, 0, 0],
					"position": [0, 4, 9],
					"scale": 1.7
				},
				"geyser_custom_y": {
					"rotation": [0, 0, 0]
				},
				"geyser_custom_z": {
					"rotation": [-10.58222, -3.3809, 83.30029],
					"position": [3.75, -0.5, -2.75],
					"scale": 0.6
				}
			}
		}
	}
}